RName,FName,FWidth,RAddr,RWidth,Offset,FAccess,FReadSideEffect,FDefault,FDefaultType,FVisibility,RArray
RWBLECNTL,RXWINSZDEF,4,00,32,0,R/W,None,4'h0,Unknown,Public,"False;n;0;2;1;4"
RWBLECNTL,RWBLE_EN,1,00,32,8,R/W,None,1'h0,Unknown,Public,"False;n;0;2;1;4"
RWBLECNTL,ADVERTFILT_EN,1,00,32,9,R/W,None,1'h0,Unknown,Public,"False;n;0;2;1;4"
RWBLECNTL,ANONYMOUS_ADV_FILT_EN,1,00,32,10,R/W,None,1'h0,Unknown,Public,"False;n;0;2;1;4"
RWBLECNTL,RXCTEERR_RETX_EN,1,00,32,11,R/W,None,1'h0,Unknown,Public,"False;n;0;2;1;4"
RWBLECNTL,HOP_REMAP_DSB,1,00,32,12,R/W,None,1'h0,Unknown,Public,"False;n;0;2;1;4"
RWBLECNTL,CRC_DSB,1,00,32,13,R/W,None,1'h0,Unknown,Public,"False;n;0;2;1;4"
RWBLECNTL,WHIT_DSB,1,00,32,14,R/W,None,1'h0,Unknown,Public,"False;n;0;2;1;4"
RWBLECNTL,LRFEC_DSB,1,00,32,15,R/W,None,1'h0,Unknown,Public,"False;n;0;2;1;4"
RWBLECNTL,LRPMAP_DSB,1,00,32,16,R/W,None,1'h0,Unknown,Public,"False;n;0;2;1;4"
RWBLECNTL,CRYPT_DSB,1,00,32,17,R/W,None,1'h0,Unknown,Public,"False;n;0;2;1;4"
RWBLECNTL,NESN_DSB,1,00,32,18,R/W,None,1'h0,Unknown,Public,"False;n;0;2;1;4"
RWBLECNTL,SN_DSB,1,00,32,19,R/W,None,1'h0,Unknown,Public,"False;n;0;2;1;4"
RWBLECNTL,MD_DSB,1,00,32,20,R/W,None,1'h0,Unknown,Public,"False;n;0;2;1;4"
RWBLECNTL,NPI_DSB,1,00,32,21,R/W,None,1'h0,Unknown,Public,"False;n;0;2;1;4"
RWBLECNTL,CIE_DSB,1,00,32,22,R/W,None,1'h0,Unknown,Public,"False;n;0;2;1;4"
RWBLECNTL,SCAN_ABORT,1,00,32,24,R/W,Set,1'h0,Unknown,Public,"False;n;0;2;1;4"
RWBLECNTL,ADVERT_ABORT,1,00,32,25,R/W,Set,1'h0,Unknown,Public,"False;n;0;2;1;4"
RWBLECNTL,RFTEST_ABORT,1,00,32,26,R/W,Set,1'h0,Unknown,Public,"False;n;0;2;1;4"
RWBLECNTL,SWINT_REQ,1,00,32,27,R/W,Set,1'h0,Unknown,Private,"False;n;0;2;1;4"
RWBLECNTL,RADIOCNTL_SOFT_RST,1,00,32,28,R/W,Set,1'h0,Unknown,Private,"False;n;0;2;1;4"
RWBLECNTL,REG_SOFT_RST,1,00,32,29,R/W,None,1'h0,Unknown,Private,"False;n;0;2;1;4"
RWBLECNTL,MASTER_TGSOFT_RST,1,00,32,30,R/W,Set,1'h0,Unknown,Private,"False;n;0;2;1;4"
RWBLECNTL,MASTER_SOFT_RST,1,00,32,31,R/W,Set,1'h0,Unknown,Private,"False;n;0;2;1;4"
VERSION,BUILD,8,04,32,0,R,None,8'h00,Unknown,Public,"False;n;0;2;1;4"
VERSION,UPG,8,04,32,8,R,None,8'h12,Unknown,Public,"False;n;0;2;1;4"
VERSION,REL,8,04,32,16,R,None,8'h00,Unknown,Public,"False;n;0;2;1;4"
VERSION,TYP,8,04,32,24,R,None,8'h0B,Unknown,Public,"False;n;0;2;1;4"
RWBLECONF,ADDR_WIDTH,5,08,32,0,R,None,5'h10,Unknown,Public,"False;n;0;2;1;4"
RWBLECONF,BUS_TYPE,1,08,32,6,R,None,1'h0,Unknown,Public,"False;n;0;2;1;4"
RWBLECONF,INTMODE,1,08,32,7,R,None,1'h1,Unknown,Public,"False;n;0;2;1;4"
RWBLECONF,CLK_SEL,6,08,32,8,R,None,6'h20,Unknown,Public,"False;n;0;2;1;4"
RWBLECONF,DECIPHER,1,08,32,14,R,None,1'h1,Unknown,Public,"False;n;0;2;1;4"
RWBLECONF,USEDBG,1,08,32,15,R,None,1'h1,Unknown,Public,"False;n;0;2;1;4"
RWBLECONF,RFIF,7,08,32,16,R,None,7'h40,Unknown,Public,"False;n;0;2;1;4"
RWBLECONF,USEISO,1,08,32,24,R,None,1'h1,Unknown,Public,"False;n;0;2;1;4"
RWBLECONF,USETXLR,1,08,32,26,R,None,1'h1,Unknown,Public,"False;n;0;2;1;4"
RWBLECONF,USERXLR,1,08,32,27,R,None,1'h0,Unknown,Public,"False;n;0;2;1;4"
RWBLECONF,CORRELATOR,1,08,32,28,R,None,1'h0,Unknown,Public,"False;n;0;2;1;4"
RWBLECONF,WLANCOEX,1,08,32,29,R,None,1'h1,Unknown,Public,"False;n;0;2;1;4"
RWBLECONF,DF,1,08,32,30,R,None,1'h0,Unknown,Public,"False;n;0;2;1;4"
RWBLECONF,DMMODE,1,08,32,31,R,None,1'h1,Unknown,Public,"False;n;0;2;1;4"
INTCNTL0,STARTEVTINTMSK,1,0C,32,0,R/W,None,1'h1,Unknown,Public,"False;n;0;2;1;4"
INTCNTL0,ENDEVTINTMSK,1,0C,32,1,R/W,None,1'h1,Unknown,Public,"False;n;0;2;1;4"
INTCNTL0,SKIPEVTINTMSK,1,0C,32,2,R/W,None,1'h0,Unknown,Public,"False;n;0;2;1;4"
INTCNTL0,TXINTMSK,1,0C,32,3,R/W,None,1'h0,Unknown,Public,"False;n;0;2;1;4"
INTCNTL0,RXINTMSK,1,0C,32,4,R/W,None,1'h0,Unknown,Public,"False;n;0;2;1;4"
INTCNTL0,ISOTXINTMSK,1,0C,32,5,R/W,None,1'h0,Unknown,Public,"False;n;0;2;1;4"
INTCNTL0,ISORXINTMSK,1,0C,32,6,R/W,None,1'h0,Unknown,Public,"False;n;0;2;1;4"
INTCNTL0,HOPINTMSK,1,0C,32,7,R/W,None,1'h0,Unknown,Public,"False;n;0;2;1;4"
INTCNTL0,ERRORINTMSK,1,0C,32,16,R/W,None,1'h0,Unknown,Public,"False;n;0;2;1;4"
INTSTAT0,HOPINTSTAT,1,10,32,7,R,None,1'h0,Unknown,Public,"False;n;0;2;1;4"
INTSTAT0,ERRORINTSTAT,1,10,32,16,R,None,1'h0,Unknown,Public,"False;n;0;2;1;4"
INTACK0,HOPINTACK,1,14,32,7,R/W,Clear,1'h0,Unknown,Public,"False;n;0;2;1;4"
INTACK0,ERRORINTACK,1,14,32,16,R/W,Clear,1'h0,Unknown,Public,"False;n;0;2;1;4"
INTCNTL1,CLKNINTMSK,1,18,32,0,R/W,None,1'h1,Unknown,Public,"False;n;0;2;1;4"
INTCNTL1,SLPINTMSK,1,18,32,1,R/W,None,1'h1,Unknown,Public,"False;n;0;2;1;4"
INTCNTL1,CRYPTINTMSK,1,18,32,2,R/W,None,1'h0,Unknown,Public,"False;n;0;2;1;4"
INTCNTL1,SWINTMSK,1,18,32,3,R/W,None,1'h0,Unknown,Public,"False;n;0;2;1;4"
INTCNTL1,FINETGTINTMSK,1,18,32,4,R/W,None,1'h0,Unknown,Public,"False;n;0;2;1;4"
INTCNTL1,TIMESTAMPTGT1INTMSK,1,18,32,5,R/W,None,1'h0,Unknown,Public,"False;n;0;2;1;4"
INTCNTL1,TIMESTAMPTGT2INTMSK,1,18,32,6,R/W,None,1'h0,Unknown,Public,"False;n;0;2;1;4"
INTCNTL1,TIMESTAMPTGT3INTMSK,1,18,32,7,R/W,None,1'h0,Unknown,Public,"False;n;0;2;1;4"
INTCNTL1,FIFOINTMSK,1,18,32,15,R/W,None,1'h1,Unknown,Public,"False;n;0;2;1;4"
INTCNTL1,CLKNINTSRVAL,4,18,32,24,R/W,None,4'h0,Unknown,Public,"False;n;0;2;1;4"
INTCNTL1,CLKNINTSRMSK,3,18,32,28,R/W,None,3'h0,Unknown,Public,"False;n;0;2;1;4"
INTSTAT1,CLKNINTSTAT,1,1C,32,0,R,None,1'h0,Unknown,Public,"False;n;0;2;1;4"
INTSTAT1,SLPINTSTAT,1,1C,32,1,R,None,1'h0,Unknown,Public,"False;n;0;2;1;4"
INTSTAT1,CRYPTINTSTAT,1,1C,32,2,R,None,1'h0,Unknown,Public,"False;n;0;2;1;4"
INTSTAT1,SWINTSTAT,1,1C,32,3,R,None,1'h0,Unknown,Public,"False;n;0;2;1;4"
INTSTAT1,FINETGTINTSTAT,1,1C,32,4,R,None,1'h0,Unknown,Public,"False;n;0;2;1;4"
INTSTAT1,TIMESTAMPTGT1INTSTAT,1,1C,32,5,R,None,1'h0,Unknown,Public,"False;n;0;2;1;4"
INTSTAT1,TIMESTAMPTGT2INTSTAT,1,1C,32,6,R,None,1'h0,Unknown,Public,"False;n;0;2;1;4"
INTSTAT1,TIMESTAMPTGT3INTSTAT,1,1C,32,7,R,None,1'h0,Unknown,Public,"False;n;0;2;1;4"
INTSTAT1,FIFOINTSTAT,1,1C,32,15,R,None,1'h0,Unknown,Public,"False;n;0;2;1;4"
INTACK1,CLKNINTACK,1,20,32,0,R/W,Clear,1'h0,Unknown,Public,"False;n;0;2;1;4"
INTACK1,SLPINTACK,1,20,32,1,R/W,Clear,1'h0,Unknown,Public,"False;n;0;2;1;4"
INTACK1,CRYPTINTACK,1,20,32,2,R/W,Clear,1'h0,Unknown,Public,"False;n;0;2;1;4"
INTACK1,SWINTACK,1,20,32,3,R/W,Clear,1'h0,Unknown,Public,"False;n;0;2;1;4"
INTACK1,FINETGTINTACK,1,20,32,4,R/W,Clear,1'h0,Unknown,Public,"False;n;0;2;1;4"
INTACK1,TIMESTAMPTGT1INTACK,1,20,32,5,R/W,Clear,1'h0,Unknown,Public,"False;n;0;2;1;4"
INTACK1,TIMESTAMPTGT2INTACK,1,20,32,6,R/W,Clear,1'h0,Unknown,Public,"False;n;0;2;1;4"
INTACK1,TIMESTAMPTGT3INTACK,1,20,32,7,R/W,Clear,1'h0,Unknown,Public,"False;n;0;2;1;4"
INTACK1,FIFOINTACK,1,20,32,15,R/W,Clear,1'h0,Unknown,Public,"False;n;0;2;1;4"
ACTFIFOSTAT,STARTACTINTSTAT,1,24,32,0,R,None,1'h0,Unknown,Public,"False;n;0;2;1;4"
ACTFIFOSTAT,ENDACTINTSTAT,1,24,32,1,R,None,1'h0,Unknown,Public,"False;n;0;2;1;4"
ACTFIFOSTAT,SKIPACTINTSTAT,1,24,32,2,R,None,1'h0,Unknown,Public,"False;n;0;2;1;4"
ACTFIFOSTAT,TXINTSTAT,1,24,32,3,R,None,1'h0,Unknown,Public,"False;n;0;2;1;4"
ACTFIFOSTAT,RXINTSTAT,1,24,32,4,R,None,1'h0,Unknown,Public,"False;n;0;2;1;4"
ACTFIFOSTAT,ISOTXINTSTAT,1,24,32,5,R,None,1'h0,Unknown,Public,"False;n;0;2;1;4"
ACTFIFOSTAT,ISORXINTSTAT,1,24,32,6,R,None,1'h0,Unknown,Public,"False;n;0;2;1;4"
ACTFIFOSTAT,ACTFLAG,1,24,32,15,R,None,1'h0,Unknown,Public,"False;n;0;2;1;4"
ACTFIFOSTAT,CURRENT_ET_IDX,4,24,32,24,R,None,4'h0,Unknown,Public,"False;n;0;2;1;4"
ACTFIFOSTAT,SKIP_ET_IDX,4,24,32,28,R,None,4'h0,Unknown,Public,"False;n;0;2;1;4"
CURRENTRXDESCPTR,CURRENTRXDESCPTR,14,28,32,0,R/W,None,14'h0000,Unknown,Public,"False;n;0;2;1;4"
ETPTR,ETPTR,14,2C,32,0,R/W,None,14'h0000,Unknown,Public,"False;n;0;2;1;4"
DEEPSLCNTL,OSC_SLEEP_EN,1,30,32,0,R/W,None,1'h0,Unknown,Public,"False;n;0;2;1;4"
DEEPSLCNTL,RADIO_SLEEP_EN,1,30,32,1,R/W,None,1'h0,Unknown,Public,"False;n;0;2;1;4"
DEEPSLCNTL,DEEP_SLEEP_ON,1,30,32,2,R/W,Set,1'h0,Unknown,Public,"False;n;0;2;1;4"
DEEPSLCNTL,DEEP_SLEEP_CORR_EN,1,30,32,3,R/W,Set,1'h0,Unknown,Public,"False;n;0;2;1;4"
DEEPSLCNTL,DEEP_SLEEP_STAT,1,30,32,15,R,None,1'h0,Unknown,Public,"False;n;0;2;1;4"
DEEPSLCNTL,EXTWKUPDSB,1,30,32,31,R/W,None,1'h0,Unknown,Public,"False;n;0;2;1;4"
DEEPSLWKUP,DEEPSLTIME,32,34,32,0,R/W,None,32'h00000000,Unknown,Public,"False;n;0;2;1;4"
DEEPSLSTAT,DEEPSLDUR,32,38,32,0,R,None,32'h00000000,Unknown,Public,"False;n;0;2;1;4"
ENBPRESET,TWRM,10,3C,32,0,R/W,None,10'h000,Unknown,Public,"False;n;0;2;1;4"
ENBPRESET,TWOSC,11,3C,32,10,R/W,None,11'h000,Unknown,Public,"False;n;0;2;1;4"
ENBPRESET,TWEXT,11,3C,32,21,R/W,None,11'h000,Unknown,Public,"False;n;0;2;1;4"
FINECNTCORR,FINECNTCORR,10,40,32,0,R/W,None,10'h000,Unknown,Public,"False;n;0;2;1;4"
CLKNCNTCORR,CLKNCNTCORR,28,44,32,0,R/W,None,28'h0000000,Unknown,Public,"False;n;0;2;1;4"
CLKNCNTCORR,ABS_DELTA,1,44,32,31,R/W,None,1'h0,Unknown,Public,"False;n;0;2;1;4"
DIAGCNTL,DIAG0,7,50,32,0,R/W,None,7'h00,Unknown,Public,"False;n;0;2;1;4"
DIAGCNTL,DIAG0_EN,1,50,32,7,R/W,None,1'h0,Unknown,Public,"False;n;0;2;1;4"
DIAGCNTL,DIAG1,7,50,32,8,R/W,None,7'h00,Unknown,Public,"False;n;0;2;1;4"
DIAGCNTL,DIAG1_EN,1,50,32,15,R/W,None,1'h0,Unknown,Public,"False;n;0;2;1;4"
DIAGCNTL,DIAG2,7,50,32,16,R/W,None,7'h00,Unknown,Public,"False;n;0;2;1;4"
DIAGCNTL,DIAG2_EN,1,50,32,23,R/W,None,1'h0,Unknown,Public,"False;n;0;2;1;4"
DIAGCNTL,DIAG3,7,50,32,24,R/W,None,7'h00,Unknown,Public,"False;n;0;2;1;4"
DIAGCNTL,DIAG3_EN,1,50,32,31,R/W,None,1'h0,Unknown,Public,"False;n;0;2;1;4"
DIAGSTAT,DIAG0STAT,8,54,32,0,R,None,8'h00,Unknown,Public,"False;n;0;2;1;4"
DIAGSTAT,DIAG1STAT,8,54,32,8,R,None,8'h00,Unknown,Public,"False;n;0;2;1;4"
DIAGSTAT,DIAG2STAT,8,54,32,16,R,None,8'h00,Unknown,Public,"False;n;0;2;1;4"
DIAGSTAT,DIAG3STAT,8,54,32,24,R,None,8'h00,Unknown,Public,"False;n;0;2;1;4"
DEBUGADDMAX,EM_ADDMAX,16,58,32,0,R/W,None,16'h0000,Unknown,Public,"False;n;0;2;1;4"
DEBUGADDMAX,REG_ADDMAX,16,58,32,16,R/W,None,16'h0000,Unknown,Public,"False;n;0;2;1;4"
DEBUGADDMIN,EM_ADDMIN,16,5C,32,0,R/W,None,16'h0000,Unknown,Public,"False;n;0;2;1;4"
DEBUGADDMIN,REG_ADDMIN,16,5C,32,16,R/W,None,16'h0000,Unknown,Public,"False;n;0;2;1;4"
ERRORTYPESTAT,TXCRYPT_ERROR,1,60,32,0,R,None,1'h0,Unknown,Public,"False;n;0;2;1;4"
ERRORTYPESTAT,RXCRYPT_ERROR,1,60,32,1,R,None,1'h0,Unknown,Public,"False;n;0;2;1;4"
ERRORTYPESTAT,PKTCNTL_EMACC_ERROR,1,60,32,2,R,None,1'h0,Unknown,Public,"False;n;0;2;1;4"
ERRORTYPESTAT,RADIO_EMACC_ERROR,1,60,32,3,R,None,1'h0,Unknown,Public,"False;n;0;2;1;4"
ERRORTYPESTAT,ACT_SCHDL_ENTRY_ERROR,1,60,32,4,R,None,1'h0,Unknown,Public,"False;n;0;2;1;4"
ERRORTYPESTAT,ACT_SCHDL_APFM_ERROR,1,60,32,5,R,None,1'h0,Unknown,Public,"False;n;0;2;1;4"
ERRORTYPESTAT,EVT_CNTL_APFM_ERROR,1,60,32,6,R,None,1'h0,Unknown,Public,"False;n;0;2;1;4"
ERRORTYPESTAT,LIST_ERROR,1,60,32,7,R,None,1'h0,Unknown,Public,"False;n;0;2;1;4"
ERRORTYPESTAT,IFS_UNDERRUN,1,60,32,8,R,None,1'h0,Unknown,Public,"False;n;0;2;1;4"
ERRORTYPESTAT,ADV_UNDERRUN,1,60,32,9,R,None,1'h0,Unknown,Public,"False;n;0;2;1;4"
ERRORTYPESTAT,LLCHMAP_ERROR,1,60,32,10,R,None,1'h0,Unknown,Public,"False;n;0;2;1;4"
ERRORTYPESTAT,CSFORMAT_ERROR,1,60,32,11,R,None,1'h0,Unknown,Public,"False;n;0;2;1;4"
ERRORTYPESTAT,TXDESC_EMPTY_ERROR,1,60,32,12,R,None,1'h0,Unknown,Public,"False;n;0;2;1;4"
ERRORTYPESTAT,RXDESC_EMPTY_ERROR,1,60,32,13,R,None,1'h0,Unknown,Public,"False;n;0;2;1;4"
ERRORTYPESTAT,TXDATA_PTR_ERROR,1,60,32,14,R,None,1'h0,Unknown,Public,"False;n;0;2;1;4"
ERRORTYPESTAT,RXDATA_PTR_ERROR,1,60,32,15,R,None,1'h0,Unknown,Public,"False;n;0;2;1;4"
ERRORTYPESTAT,RAL_ERROR,1,60,32,16,R,None,1'h0,Unknown,Public,"False;n;0;2;1;4"
ERRORTYPESTAT,RAL_UNDERRUN,1,60,32,17,R,None,1'h0,Unknown,Public,"False;n;0;2;1;4"
ERRORTYPESTAT,TMAFS_UNDERRUN,1,60,32,18,R,None,1'h0,Unknown,Public,"False;n;0;2;1;4"
ERRORTYPESTAT,TXAEHEADER_PTR_ERROR,1,60,32,19,R,None,1'h0,Unknown,Public,"False;n;0;2;1;4"
ERRORTYPESTAT,PHY_ERROR,1,60,32,20,R,None,1'h0,Unknown,Public,"False;n;0;2;1;4"
ERRORTYPESTAT,FIFOINTOVF,1,60,32,21,R,None,1'h0,Unknown,Public,"False;n;0;2;1;4"
ERRORTYPESTAT,DFCNTL_EMACC_ERROR,1,60,32,22,R,None,1'h0,Unknown,Public,"False;n;0;2;1;4"
ERRORTYPESTAT,FREQSEL_ERROR,1,60,32,23,R,None,1'h0,Unknown,Public,"False;n;0;2;1;4"
SWPROFILING,SWPROF0,1,64,32,0,R/W,None,1'h0,Unknown,Public,"False;n;0;2;1;4"
SWPROFILING,SWPROF1,1,64,32,1,R/W,None,1'h0,Unknown,Public,"False;n;0;2;1;4"
SWPROFILING,SWPROF2,1,64,32,2,R/W,None,1'h0,Unknown,Public,"False;n;0;2;1;4"
SWPROFILING,SWPROF3,1,64,32,3,R/W,None,1'h0,Unknown,Public,"False;n;0;2;1;4"
SWPROFILING,SWPROF4,1,64,32,4,R/W,None,1'h0,Unknown,Public,"False;n;0;2;1;4"
SWPROFILING,SWPROF5,1,64,32,5,R/W,None,1'h0,Unknown,Public,"False;n;0;2;1;4"
SWPROFILING,SWPROF6,1,64,32,6,R/W,None,1'h0,Unknown,Public,"False;n;0;2;1;4"
SWPROFILING,SWPROF7,1,64,32,7,R/W,None,1'h0,Unknown,Public,"False;n;0;2;1;4"
SWPROFILING,SWPROF8,1,64,32,8,R/W,None,1'h0,Unknown,Public,"False;n;0;2;1;4"
SWPROFILING,SWPROF9,1,64,32,9,R/W,None,1'h0,Unknown,Public,"False;n;0;2;1;4"
SWPROFILING,SWPROF10,1,64,32,10,R/W,None,1'h0,Unknown,Public,"False;n;0;2;1;4"
SWPROFILING,SWPROF11,1,64,32,11,R/W,None,1'h0,Unknown,Public,"False;n;0;2;1;4"
SWPROFILING,SWPROF12,1,64,32,12,R/W,None,1'h0,Unknown,Public,"False;n;0;2;1;4"
SWPROFILING,SWPROF13,1,64,32,13,R/W,None,1'h0,Unknown,Public,"False;n;0;2;1;4"
SWPROFILING,SWPROF14,1,64,32,14,R/W,None,1'h0,Unknown,Public,"False;n;0;2;1;4"
SWPROFILING,SWPROF15,1,64,32,15,R/W,None,1'h0,Unknown,Public,"False;n;0;2;1;4"
SWPROFILING,SWPROF16,1,64,32,16,R/W,None,1'h0,Unknown,Public,"False;n;0;2;1;4"
SWPROFILING,SWPROF17,1,64,32,17,R/W,None,1'h0,Unknown,Public,"False;n;0;2;1;4"
SWPROFILING,SWPROF18,1,64,32,18,R/W,None,1'h0,Unknown,Public,"False;n;0;2;1;4"
SWPROFILING,SWPROF19,1,64,32,19,R/W,None,1'h0,Unknown,Public,"False;n;0;2;1;4"
SWPROFILING,SWPROF20,1,64,32,20,R/W,None,1'h0,Unknown,Public,"False;n;0;2;1;4"
SWPROFILING,SWPROF21,1,64,32,21,R/W,None,1'h0,Unknown,Public,"False;n;0;2;1;4"
SWPROFILING,SWPROF22,1,64,32,22,R/W,None,1'h0,Unknown,Public,"False;n;0;2;1;4"
SWPROFILING,SWPROF23,1,64,32,23,R/W,None,1'h0,Unknown,Public,"False;n;0;2;1;4"
SWPROFILING,SWPROF24,1,64,32,24,R/W,None,1'h0,Unknown,Public,"False;n;0;2;1;4"
SWPROFILING,SWPROF25,1,64,32,25,R/W,None,1'h0,Unknown,Public,"False;n;0;2;1;4"
SWPROFILING,SWPROF26,1,64,32,26,R/W,None,1'h0,Unknown,Public,"False;n;0;2;1;4"
SWPROFILING,SWPROF27,1,64,32,27,R/W,None,1'h0,Unknown,Public,"False;n;0;2;1;4"
SWPROFILING,SWPROF28,1,64,32,28,R/W,None,1'h0,Unknown,Public,"False;n;0;2;1;4"
SWPROFILING,SWPROF29,1,64,32,29,R/W,None,1'h0,Unknown,Public,"False;n;0;2;1;4"
SWPROFILING,SWPROF30,1,64,32,30,R/W,None,1'h0,Unknown,Public,"False;n;0;2;1;4"
SWPROFILING,SWPROF31,1,64,32,31,R/W,None,1'h0,Unknown,Public,"False;n;0;2;1;4"
RADIOCNTL0,SPIGO,1,70,32,0,R/W,Set,1'h0,Unknown,Private,"False;n;0;2;1;4"
RADIOCNTL0,SPICOMP,1,70,32,1,R,None,1'h1,Unknown,Public,"False;n;0;2;1;4"
RADIOCNTL0,SPIFREQ,2,70,32,4,R/W,None,2'h0,Unknown,Public,"False;n;0;2;1;4"
RADIOCNTL0,SPICFG,1,70,32,7,R/W,None,1'h0,Unknown,Public,"False;n;0;2;1;4"
RADIOCNTL0,SPIPTR,14,70,32,16,R/W,None,14'h0000,Unknown,Public,"False;n;0;2;1;4"
RADIOCNTL1,SUBVERSION,4,74,32,0,R/W,None,4'h0,Unknown,Public,"False;n;0;2;1;4"
RADIOCNTL1,XRFSEL,6,74,32,4,R/W,None,6'h00,Unknown,Public,"False;n;0;2;1;4"
RADIOCNTL1,JEF_SELECT,1,74,32,12,R/W,None,1'h0,Unknown,Public,"False;n;0;2;1;4"
RADIOCNTL1,DPCORR_EN,1,74,32,13,R/W,None,1'h0,Unknown,Public,"False;n;0;2;1;4"
RADIOCNTL1,SYNC_PULSE_SRC,1,74,32,14,R/W,None,1'h0,Unknown,Public,"False;n;0;2;1;4"
RADIOCNTL1,SYNC_PULSE_MODE,1,74,32,15,R/W,None,1'h0,Unknown,Public,"False;n;0;2;1;4"
RADIOCNTL1,FORCEAGC_LENGTH,12,74,32,16,R/W,None,12'h000,Unknown,Public,"False;n;0;2;1;4"
RADIOCNTL1,TXDNSL,1,74,32,28,R/W,None,1'h0,Unknown,Public,"False;n;0;2;1;4"
RADIOCNTL1,RXDNSL,1,74,32,29,R/W,None,1'h0,Unknown,Public,"False;n;0;2;1;4"
RADIOCNTL1,FORCEIQ,1,74,32,30,R/W,None,1'h0,Unknown,Public,"False;n;0;2;1;4"
RADIOCNTL1,FORCEAGC_EN,1,74,32,31,R/W,None,1'h0,Unknown,Public,"False;n;0;2;1;4"
RADIOCNTL2,FREQTABLE_PTR,14,78,32,0,R/W,None,14'h0040,Unknown,Public,"False;n;0;2;1;4"
RADIOCNTL2,SYNCERR,3,78,32,16,R/W,None,3'h0,Unknown,Public,"False;n;0;2;1;4"
RADIOCNTL2,LRSYNCERR,2,78,32,20,R/W,None,2'h0,Unknown,Public,"False;n;0;2;1;4"
RADIOCNTL2,PHYMSK,2,78,32,22,R/W,None,2'h0,Unknown,Public,"False;n;0;2;1;4"
RADIOCNTL2,LRVTBFLUSH,5,78,32,24,R/W,None,5'h08,Unknown,Public,"False;n;0;2;1;4"
RADIOCNTL2,RXCITERMBYPASS,1,78,32,29,R/W,None,1'h0,Unknown,Public,"False;n;0;2;1;4"
RADIOCNTL2,LRSYNCCOMPMODE,2,78,32,30,R/W,None,2'h3,Unknown,Public,"False;n;0;2;1;4"
RADIOCNTL3,TXVALID_BEH,2,7C,32,0,R/W,None,2'h0,Unknown,Public,"False;n;0;2;1;4"
RADIOCNTL3,TXRATE0CFG,2,7C,32,8,R/W,None,2'h0,Unknown,Public,"False;n;0;2;1;4"
RADIOCNTL3,TXRATE1CFG,2,7C,32,10,R/W,None,2'h1,Unknown,Public,"False;n;0;2;1;4"
RADIOCNTL3,TXRATE2CFG,2,7C,32,12,R/W,None,2'h2,Unknown,Public,"False;n;0;2;1;4"
RADIOCNTL3,TXRATE3CFG,2,7C,32,14,R/W,None,2'h3,Unknown,Public,"False;n;0;2;1;4"
RADIOCNTL3,RXVALID_BEH,2,7C,32,16,R/W,None,2'h0,Unknown,Public,"False;n;0;2;1;4"
RADIOCNTL3,RXSYNC_ROUTING,1,7C,32,18,R/W,None,1'h0,Unknown,Public,"False;n;0;2;1;4"
RADIOCNTL3,GETRSSIDELAY,3,7C,32,20,R/W,None,3'h4,Unknown,Public,"False;n;0;2;1;4"
RADIOCNTL3,RXRATE0CFG,2,7C,32,24,R/W,None,2'h0,Unknown,Public,"False;n;0;2;1;4"
RADIOCNTL3,RXRATE1CFG,2,7C,32,26,R/W,None,2'h1,Unknown,Public,"False;n;0;2;1;4"
RADIOCNTL3,RXRATE2CFG,2,7C,32,28,R/W,None,2'h2,Unknown,Public,"False;n;0;2;1;4"
RADIOCNTL3,RXRATE3CFG,2,7C,32,30,R/W,None,2'h3,Unknown,Public,"False;n;0;2;1;4"
RADIOPWRUPDN0,TXPWRUP0,8,80,32,0,R/W,None,8'h00,Unknown,Public,"False;n;0;2;1;4"
RADIOPWRUPDN0,TXPWRDN0,7,80,32,8,R/W,None,7'h00,Unknown,Public,"False;n;0;2;1;4"
RADIOPWRUPDN0,RXPWRUP0,8,80,32,16,R/W,None,8'h00,Unknown,Public,"False;n;0;2;1;4"
RADIOPWRUPDN0,SYNC_POSITION0,8,80,32,24,R/W,None,8'h00,Unknown,Public,"False;n;0;2;1;4"
RADIOPWRUPDN1,TXPWRUP1,8,84,32,0,R/W,None,8'h00,Unknown,Public,"False;n;0;2;1;4"
RADIOPWRUPDN1,TXPWRDN1,7,84,32,8,R/W,None,7'h00,Unknown,Public,"False;n;0;2;1;4"
RADIOPWRUPDN1,RXPWRUP1,8,84,32,16,R/W,None,8'h00,Unknown,Public,"False;n;0;2;1;4"
RADIOPWRUPDN1,SYNC_POSITION1,8,84,32,24,R/W,None,8'h00,Unknown,Public,"False;n;0;2;1;4"
RADIOPWRUPDN2,TXPWRUP2,8,88,32,0,R/W,None,8'h00,Unknown,Public,"False;n;0;2;1;4"
RADIOPWRUPDN2,TXPWRDN2,7,88,32,8,R/W,None,7'h00,Unknown,Public,"False;n;0;2;1;4"
RADIOPWRUPDN2,RXPWRUP2,8,88,32,16,R/W,None,8'h00,Unknown,Public,"False;n;0;2;1;4"
RADIOPWRUPDN2,SYNC_POSITION2,8,88,32,24,R/W,None,8'h00,Unknown,Public,"False;n;0;2;1;4"
RADIOPWRUPDN3,TXPWRUP3,8,8C,32,0,R/W,None,8'h00,Unknown,Public,"False;n;0;2;1;4"
RADIOPWRUPDN3,TXPWRDN3,7,8C,32,8,R/W,None,7'h00,Unknown,Public,"False;n;0;2;1;4"
RADIOTXRXTIM0,TXPATHDLY0,7,90,32,0,R/W,None,7'h00,Unknown,Public,"False;n;0;2;1;4"
RADIOTXRXTIM0,RXPATHDLY0,7,90,32,8,R/W,None,7'h00,Unknown,Public,"False;n;0;2;1;4"
RADIOTXRXTIM0,RFRXTMDA0,7,90,32,16,R/W,None,7'h00,Unknown,Public,"False;n;0;2;1;4"
RADIOTXRXTIM1,TXPATHDLY1,7,94,32,0,R/W,None,7'h00,Unknown,Public,"False;n;0;2;1;4"
RADIOTXRXTIM1,RXPATHDLY1,7,94,32,8,R/W,None,7'h00,Unknown,Public,"False;n;0;2;1;4"
RADIOTXRXTIM1,RFRXTMDA1,7,94,32,16,R/W,None,7'h00,Unknown,Public,"False;n;0;2;1;4"
RADIOTXRXTIM2,TXPATHDLY2,7,98,32,0,R/W,None,7'h00,Unknown,Public,"False;n;0;2;1;4"
RADIOTXRXTIM2,RXPATHDLY2,8,98,32,8,R/W,None,8'h00,Unknown,Public,"False;n;0;2;1;4"
RADIOTXRXTIM2,RFRXTMDA2,8,98,32,16,R/W,None,8'h00,Unknown,Public,"False;n;0;2;1;4"
RADIOTXRXTIM2,RXFLUSHPATHDLY2,8,98,32,24,R/W,None,8'h00,Unknown,Public,"False;n;0;2;1;4"
RADIOTXRXTIM3,TXPATHDLY3,7,9C,32,0,R/W,None,7'h00,Unknown,Public,"False;n;0;2;1;4"
RADIOTXRXTIM3,RFRXTMDA3,7,9C,32,16,R/W,None,7'h00,Unknown,Public,"False;n;0;2;1;4"
RADIOTXRXTIM3,RXFLUSHPATHDLY3,8,9C,32,24,R/W,None,8'h00,Unknown,Public,"False;n;0;2;1;4"
SPIPTRCNTL0,TXONPTR,14,A0,32,0,R/W,None,14'h0000,Unknown,Public,"False;n;0;2;1;4"
SPIPTRCNTL0,TXOFFPTR,14,A0,32,16,R/W,None,14'h0000,Unknown,Public,"False;n;0;2;1;4"
SPIPTRCNTL1,RXONPTR,14,A4,32,0,R/W,None,14'h0000,Unknown,Public,"False;n;0;2;1;4"
SPIPTRCNTL1,RXOFFPTR,14,A4,32,16,R/W,None,14'h0000,Unknown,Public,"False;n;0;2;1;4"
SPIPTRCNTL2,RSSIPTR,14,A8,32,0,R/W,None,14'h0000,Unknown,Public,"False;n;0;2;1;4"
SPIPTRCNTL2,RXLENGTHPTR,14,A8,32,16,R/W,None,14'h0000,Unknown,Public,"False;n;0;2;1;4"
SPIPTRCNTL3,RXPKTTYPPTR,14,AC,32,0,R/W,None,14'h0000,Unknown,Public,"False;n;0;2;1;4"
SPIPTRCNTL3,CTESAMPPTR,14,AC,32,16,R/W,None,14'h0000,Unknown,Public,"False;n;0;2;1;4"
AESCNTL,AES_START,1,B0,32,0,R/W,Set,1'h0,Unknown,Public,"False;n;0;2;1;4"
AESCNTL,AES_MODE,1,B0,32,1,R/W,None,1'h0,Unknown,Public,"False;n;0;2;1;4"
AESKEY31_0,AESKEY31_0,32,B4,32,0,R/W,None,32'h00000000,Unknown,Public,"False;n;0;2;1;4"
AESKEY63_32,AESKEY63_32,32,B8,32,0,R/W,None,32'h00000000,Unknown,Public,"False;n;0;2;1;4"
AESKEY95_64,AESKEY95_64,32,BC,32,0,R/W,None,32'h00000000,Unknown,Public,"False;n;0;2;1;4"
AESKEY127_96,AESKEY127_96,32,C0,32,0,R/W,None,32'h00000000,Unknown,Public,"False;n;0;2;1;4"
AESPTR,AESPTR,14,C4,32,0,R/W,None,14'h0000,Unknown,Public,"False;n;0;2;1;4"
TXMICVAL,TXMICVAL,32,C8,32,0,R,None,32'h00000000,Unknown,Public,"False;n;0;2;1;4"
RXMICVAL,RXMICVAL,32,CC,32,0,R,None,32'h00000000,Unknown,Public,"False;n;0;2;1;4"
RFTESTCNTL,TXLENGTH,8,D0,32,0,R/W,None,8'h00,Unknown,Public,"False;n;0;2;1;4"
RFTESTCNTL,TXPKTCNTEN,1,D0,32,11,R/W,None,1'h0,Unknown,Public,"False;n;0;2;1;4"
RFTESTCNTL,TXPLDSRC,1,D0,32,12,R/W,None,1'h0,Unknown,Public,"False;n;0;2;1;4"
RFTESTCNTL,PRBSTYPE,1,D0,32,13,R/W,None,1'h0,Unknown,Public,"False;n;0;2;1;4"
RFTESTCNTL,TXLENGTHSRC,1,D0,32,14,R/W,None,1'h0,Unknown,Public,"False;n;0;2;1;4"
RFTESTCNTL,INFINITETX,1,D0,32,15,R/W,None,1'h0,Unknown,Public,"False;n;0;2;1;4"
RFTESTCNTL,PERCOUNT_MODE,2,D0,32,24,R/W,None,2'h0,Unknown,Public,"False;n;0;2;1;4"
RFTESTCNTL,RXPKTCNTEN,1,D0,32,27,R/W,None,1'h0,Unknown,Public,"False;n;0;2;1;4"
RFTESTCNTL,INFINITERX,1,D0,32,31,R/W,None,1'h0,Unknown,Public,"False;n;0;2;1;4"
RFTESTTXSTAT,TXPKTCNT,32,D4,32,0,R,None,32'h00000000,Unknown,Public,"False;n;0;2;1;4"
RFTESTRXSTAT,RXPKTCNT,32,D8,32,0,R,None,32'h00000000,Unknown,Public,"False;n;0;2;1;4"
TIMGENCNTL,PREFETCH_TIME,9,E0,32,0,R/W,None,9'h096,Unknown,Public,"False;n;0;2;1;4"
TIMGENCNTL,PREFETCHABORT_TIME,10,E0,32,16,R/W,None,10'h1FE,Unknown,Public,"False;n;0;2;1;4"
FINETIMTGT,FINETARGET,28,E4,32,0,R/W,None,28'h0000000,Unknown,Public,"False;n;0;2;1;4"
CLKNTGT1,CLKNTGT1,28,E8,32,0,R/W,None,28'h0000000,Unknown,Public,"False;n;0;2;1;4"
HMICROSECTGT1,HMICROSECTGT1,10,EC,32,0,R/W,None,10'h000,Unknown,Public,"False;n;0;2;1;4"
CLKNTGT2,CLKNTGT2,28,F0,32,0,R/W,None,28'h0000000,Unknown,Public,"False;n;0;2;1;4"
HMICROSECTGT2,HMICROSECTGT2,10,F4,32,0,R/W,None,10'h000,Unknown,Public,"False;n;0;2;1;4"
CLKNTGT3,CLKNTGT3,28,F8,32,0,R/W,None,28'h0000000,Unknown,Public,"False;n;0;2;1;4"
HMICROSECTGT3,HMICROSECTGT3,10,FC,32,0,R/W,None,10'h000,Unknown,Public,"False;n;0;2;1;4"
SLOTCLK,SCLK,28,100,32,0,R/W,None,28'h0000000,Unknown,Public,"False;n;0;2;1;4"
SLOTCLK,CLKN_UPD,1,100,32,30,R/W,Set,1'h0,Unknown,Public,"False;n;0;2;1;4"
SLOTCLK,SAMP,1,100,32,31,R/W,Set,1'h0,Unknown,Public,"False;n;0;2;1;4"
FINETIMECNT,FINECNT,10,104,32,0,R,None,10'h000,Unknown,Public,"False;n;0;2;1;4"
ACTSCHCNTL,ENTRY_IDX,4,110,32,0,R/W,None,4'h0,Unknown,Public,"False;n;0;2;1;4"
ACTSCHCNTL,START_ACT,1,110,32,31,R/W,Set,1'h0,Unknown,Public,"False;n;0;2;1;4"
STARTEVTCLKNTS,STARTEVTCLKNTS,28,114,32,0,R,None,28'h0000000,Unknown,Public,"False;n;0;2;1;4"
STARTEVTFINECNTTS,STARTEVTFINECNTTS,10,118,32,0,R,None,10'h000,Unknown,Public,"False;n;0;2;1;4"
ENDEVTCLKNTS,ENDEVTCLKNTS,28,11C,32,0,R,None,28'h0000000,Unknown,Public,"False;n;0;2;1;4"
ENDEVTFINECNTTS,ENDEVTFINECNTTS,10,120,32,0,R,None,10'h000,Unknown,Public,"False;n;0;2;1;4"
SKIPEVTCLKNTS,SKIPEVTCLKNTS,28,124,32,0,R,None,28'h0000000,Unknown,Public,"False;n;0;2;1;4"
SKIPEVTFINECNTTS,SKIPEVTFINECNTTS,10,128,32,0,R,None,10'h000,Unknown,Public,"False;n;0;2;1;4"
ADVTIM,ADVINT,14,130,32,0,R/W,None,14'h0000,Unknown,Public,"False;n;0;2;1;4"
ADVTIM,RX_AUXPTR_THR,8,130,32,16,R/W,None,8'h00,Unknown,Public,"False;n;0;2;1;4"
ADVTIM,TX_AUXPTR_THR,8,130,32,24,R/W,None,8'h00,Unknown,Public,"False;n;0;2;1;4"
ACTSCANCNTL,UPPERLIMIT,9,134,32,0,R/W,None,9'h001,Unknown,Public,"False;n;0;2;1;4"
ACTSCANCNTL,BACKOFF,9,134,32,16,R/W,None,9'h001,Unknown,Public,"False;n;0;2;1;4"
WPALCNTL,WPALBASEPTR,14,140,32,0,R/W,None,14'h0000,Unknown,Public,"False;n;0;2;1;4"
WPALCNTL,WPALNBDEV,8,140,32,16,R/W,None,8'h00,Unknown,Public,"False;n;0;2;1;4"
WPALCURRENTPTR,WPALCURRENTPTR,14,144,32,0,R/W,None,14'h0000,Unknown,Public,"False;n;0;2;1;4"
SEARCH_TIMEOUT,SEARCH_TIMEOUT,6,148,32,0,R/W,None,6'h10,Unknown,Public,"False;n;0;2;1;4"
COEXIFCNTL0,WLANCOEX_EN,1,150,32,0,R/W,None,1'h0,Unknown,Public,"False;n;0;2;1;4"
COEXIFCNTL0,SYNCGEN_EN,1,150,32,1,R/W,None,1'h0,Unknown,Public,"False;n;0;2;1;4"
COEXIFCNTL0,MWSCOEX_EN,1,150,32,2,R/W,None,1'h0,Unknown,Public,"False;n;0;2;1;4"
COEXIFCNTL0,MWSWCI_EN,1,150,32,3,R/W,None,1'h0,Unknown,Public,"False;n;0;2;1;4"
COEXIFCNTL0,WLANRXMSK,2,150,32,4,R/W,None,2'h1,Unknown,Public,"False;n;0;2;1;4"
COEXIFCNTL0,WLANTXMSK,2,150,32,6,R/W,None,2'h0,Unknown,Public,"False;n;0;2;1;4"
COEXIFCNTL0,MWSRXMSK,2,150,32,8,R/W,None,2'h0,Unknown,Public,"False;n;0;2;1;4"
COEXIFCNTL0,MWSTXMSK,2,150,32,10,R/W,None,2'h0,Unknown,Public,"False;n;0;2;1;4"
COEXIFCNTL0,MWSRXFRQMSK,2,150,32,12,R/W,None,2'h0,Unknown,Public,"False;n;0;2;1;4"
COEXIFCNTL0,MWSTXFRQMSK,2,150,32,14,R/W,None,2'h0,Unknown,Public,"False;n;0;2;1;4"
COEXIFCNTL0,WLCTXPRIOMODE,2,150,32,16,R/W,None,2'h0,Unknown,Public,"False;n;0;2;1;4"
COEXIFCNTL0,WLCRXPRIOMODE,2,150,32,18,R/W,None,2'h0,Unknown,Public,"False;n;0;2;1;4"
COEXIFCNTL0,MWSSCANFREQMSK,2,150,32,20,R/W,None,2'h0,Unknown,Public,"False;n;0;2;1;4"
COEXIFCNTL1,WLCPDELAY,7,154,32,0,R/W,None,7'h00,Unknown,Public,"False;n;0;2;1;4"
COEXIFCNTL1,WLCPDURATION,7,154,32,8,R/W,None,7'h00,Unknown,Public,"False;n;0;2;1;4"
COEXIFCNTL1,WLCPTXTHR,5,154,32,16,R/W,None,5'h00,Unknown,Public,"False;n;0;2;1;4"
COEXIFCNTL1,WLCPRXTHR,5,154,32,24,R/W,None,5'h00,Unknown,Public,"False;n;0;2;1;4"
COEXIFCNTL2,TX_ANT_DELAY,4,158,32,0,R/W,None,4'h0,Unknown,Public,"False;n;0;2;1;4"
COEXIFCNTL2,RX_ANT_DELAY,4,158,32,8,R/W,None,4'h0,Unknown,Public,"False;n;0;2;1;4"
BLEMPRIO0,BLEM0,4,15C,32,0,R/W,None,4'hF,Unknown,Public,"False;n;0;2;1;4"
BLEMPRIO0,BLEM1,4,15C,32,4,R/W,None,4'hE,Unknown,Public,"False;n;0;2;1;4"
BLEMPRIO0,BLEM2,4,15C,32,8,R/W,None,4'hD,Unknown,Public,"False;n;0;2;1;4"
BLEMPRIO0,BLEM3,4,15C,32,12,R/W,None,4'hA,Unknown,Public,"False;n;0;2;1;4"
BLEMPRIO0,BLEM4,4,15C,32,16,R/W,None,4'h9,Unknown,Public,"False;n;0;2;1;4"
BLEMPRIO0,BLEM5,4,15C,32,20,R/W,None,4'h8,Unknown,Public,"False;n;0;2;1;4"
BLEMPRIO0,BLEM6,4,15C,32,24,R/W,None,4'h4,Unknown,Public,"False;n;0;2;1;4"
BLEMPRIO0,BLEM7,4,15C,32,28,R/W,None,4'h3,Unknown,Public,"False;n;0;2;1;4"
BLEMPRIO1,BLEM8,4,160,32,0,R/W,None,4'hC,Unknown,Public,"False;n;0;2;1;4"
BLEMPRIO1,BLEM9,4,160,32,4,R/W,None,4'hD,Unknown,Public,"False;n;0;2;1;4"
BLEMPRIO1,BLEM10,4,160,32,8,R/W,None,4'hF,Unknown,Public,"False;n;0;2;1;4"
BLEMPRIO1,BLEM11,4,160,32,12,R/W,None,4'hA,Unknown,Public,"False;n;0;2;1;4"
BLEMPRIO1,BLEM12,4,160,32,16,R/W,None,4'h9,Unknown,Public,"False;n;0;2;1;4"
BLEMPRIO1,BLEM13,4,160,32,20,R/W,None,4'h8,Unknown,Public,"False;n;0;2;1;4"
BLEMPRIO1,BLEM14,4,160,32,24,R/W,None,4'h4,Unknown,Public,"False;n;0;2;1;4"
BLEMPRIO1,BLEM15,4,160,32,28,R/W,None,4'h3,Unknown,Public,"False;n;0;2;1;4"
BLEMPRIO2,BLEM16,4,164,32,0,R/W,None,4'h7,Unknown,Public,"False;n;0;2;1;4"
BLEMPRIO2,BLEM17,4,164,32,4,R/W,None,4'h7,Unknown,Public,"False;n;0;2;1;4"
BLEMPRIO2,BLEM18,4,164,32,8,R/W,None,4'h2,Unknown,Public,"False;n;0;2;1;4"
BLEMPRIO2,BLEMDEFAULT,4,164,32,28,R/W,None,4'h3,Unknown,Public,"False;n;0;2;1;4"
RALCNTL,RALBASEPTR,14,170,32,0,R/W,None,14'h0000,Unknown,Public,"False;n;0;2;1;4"
RALCNTL,RALNBDEV,8,170,32,16,R/W,None,8'h00,Unknown,Public,"False;n;0;2;1;4"
RALCURRENTPTR,RALCURRENTPTR,14,174,32,0,R/W,None,14'h0000,Unknown,Public,"False;n;0;2;1;4"
RAL_LOCAL_RND,LRND_VAL,22,178,32,0,R/W,None,22'h3F0F0F,Unknown,Public,"False;n;0;2;1;4"
RAL_LOCAL_RND,LRND_INIT,1,178,32,31,R/W,Set,1'h0,Unknown,Private,"False;n;0;2;1;4"
RAL_PEER_RND,PRND_VAL,22,17C,32,0,R/W,None,22'h30F0F0,Unknown,Public,"False;n;0;2;1;4"
RAL_PEER_RND,PRND_INIT,1,17C,32,31,R/W,Set,1'h0,Unknown,Private,"False;n;0;2;1;4"
DFCNTL0_1US,TXSWSTINST0_1US,8,180,32,0,R/W,None,8'h00,Unknown,Public,"False;n;0;2;1;4"
DFCNTL0_1US,RXSWSTINST0_1US,8,180,32,16,R/W,None,8'h00,Unknown,Public,"False;n;0;2;1;4"
DFCNTL0_1US,RXSAMPSTINST0_1US,8,180,32,24,R/W,None,8'h00,Unknown,Public,"False;n;0;2;1;4"
DFCNTL0_2US,TXSWSTINST0_2US,8,184,32,0,R/W,None,8'h00,Unknown,Public,"False;n;0;2;1;4"
DFCNTL0_2US,RXSWSTINST0_2US,8,184,32,16,R/W,None,8'h00,Unknown,Public,"False;n;0;2;1;4"
DFCNTL0_2US,RXSAMPSTINST0_2US,8,184,32,24,R/W,None,8'h00,Unknown,Public,"False;n;0;2;1;4"
DFCNTL1_1US,TXSWSTINST1_1US,8,188,32,0,R/W,None,8'h00,Unknown,Public,"False;n;0;2;1;4"
DFCNTL1_1US,RXSWSTINST1_1US,8,188,32,16,R/W,None,8'h00,Unknown,Public,"False;n;0;2;1;4"
DFCNTL1_1US,RXSAMPSTINST1_1US,8,188,32,24,R/W,None,8'h00,Unknown,Public,"False;n;0;2;1;4"
DFCNTL1_2US,TXSWSTINST1_2US,8,18C,32,0,R/W,None,8'h00,Unknown,Public,"False;n;0;2;1;4"
DFCNTL1_2US,RXSWSTINST1_2US,8,18C,32,16,R/W,None,8'h00,Unknown,Public,"False;n;0;2;1;4"
DFCNTL1_2US,RXSAMPSTINST1_2US,8,18C,32,24,R/W,None,8'h00,Unknown,Public,"False;n;0;2;1;4"
DFCURRENTPTR,DFCURRENTPTR,14,190,32,0,R/W,None,14'h0000,Unknown,Public,"False;n;0;2;1;4"
DFANTCNTL,TXPRIMANTID,7,194,32,0,R/W,None,7'h00,Unknown,Public,"False;n;0;2;1;4"
DFANTCNTL,TXPRIMIDCNTLEN,1,194,32,7,R/W,None,1'h0,Unknown,Public,"False;n;0;2;1;4"
DFANTCNTL,RXPRIMANTID,7,194,32,8,R/W,None,7'h00,Unknown,Public,"False;n;0;2;1;4"
DFANTCNTL,RXPRIMIDCNTLEN,1,194,32,15,R/W,None,1'h0,Unknown,Public,"False;n;0;2;1;4"
DFIFCNTL,SYMBOL_ORDER,1,198,32,0,R/W,None,1'h0,Unknown,Public,"False;n;0;2;1;4"
DFIFCNTL,MSB_LSB_ORDER,1,198,32,1,R/W,None,1'h0,Unknown,Public,"False;n;0;2;1;4"
DFIFCNTL,IF_WIDTH,2,198,32,2,R/W,None,2'h3,Unknown,Public,"False;n;0;2;1;4"
DFIFCNTL,SAMPVALID_BEH,2,198,32,4,R/W,None,2'h0,Unknown,Public,"False;n;0;2;1;4"
DFIFCNTL,SAMPREQ_BEH,1,198,32,6,R/W,None,1'h0,Unknown,Public,"False;n;0;2;1;4"
DFIFCNTL,ANTSWITCH_BEH,1,198,32,7,R/W,None,1'h0,Unknown,Public,"False;n;0;2;1;4"
FREQSELCNTL,FREQSEL_START,1,1A0,32,0,R/W,Set,1'h0,Unknown,Public,"False;n;0;2;1;4"
FREQSELCNTL,FREQSEL_MODE,1,1A0,32,1,R/W,None,1'h0,Unknown,Public,"False;n;0;2;1;4"
FREQSELCNTL,NBLOOPS,8,1A0,32,16,R/W,None,8'h00,Unknown,Public,"False;n;0;2;1;4"
FREQSELPTR,FREQSELPTR,14,1A4,32,0,R/W,None,14'h0000,Unknown,Public,"False;n;0;2;1;4"
FREQSEL_CS1_SEED,FREQSEL_HOPINT,5,1A8,32,0,R/W,None,5'h00,Unknown,Public,"False;n;0;2;1;4"
FREQSEL_CS1_SEED,FREQSEL_LAST_CHIDX,6,1A8,32,16,R/W,None,6'h00,Unknown,Public,"False;n;0;2;1;4"
FREQSEL_CS2_SEED,FREQSEL_EVTCNT,16,1AC,32,0,R/W,None,16'h0000,Unknown,Public,"False;n;0;2;1;4"
FREQSEL_CS2_SEED,CHANNEL_IDENTIFIER,16,1AC,32,16,R/W,None,16'h0000,Unknown,Public,"False;n;0;2;1;4"
FREQSEL_LLCHMAP0,FREQSEL_LLCHMAP0,32,1B0,32,0,R/W,None,32'h00000000,Unknown,Public,"False;n;0;2;1;4"
FREQSEL_LLCHMAP1,FREQSEL_LLCHMAP1,5,1B4,32,0,R/W,None,5'h00,Unknown,Public,"False;n;0;2;1;4"
ISOCNTCNTL,ISOCORRMODE,1,1C0,32,0,R/W,None,1'h0,Unknown,Public,"False;n;0;2;1;4"
ISOCNTCNTL,ISO_PHASE_SHIFT_MODE,1,1C0,32,1,R/W,None,1'h0,Unknown,Public,"False;n;0;2;1;4"
ISOCNTCNTL,ISO_CLKSHIFT_MODE,1,1C0,32,2,R/W,None,1'h0,Unknown,Public,"False;n;0;2;1;4"
ISOCNTCNTL,ISO_UPD,1,1C0,32,30,R/W,Set,1'h0,Unknown,Public,"False;n;0;2;1;4"
ISOCNTCNTL,ISOSAMP,1,1C0,32,31,R/W,Set,1'h0,Unknown,Public,"False;n;0;2;1;4"
ISOCNTSAMP,ISOCNTSAMP,32,1C4,32,0,R/W,None,32'h00000000,Unknown,Public,"False;n;0;2;1;4"
ISOCNTCORR,ISOCNTCORR,32,1C8,32,0,R/W,None,32'h00000000,Unknown,Public,"False;n;0;2;1;4"
ISOCNTCORR_HUS,ISOCNTCORR_HUS,1,1CC,32,0,R/W,None,1'h0,Unknown,Public,"False;n;0;2;1;4"
ISOINTCNTL,ISOINTMSK,8,1D0,32,0,R/W,None,8'h00,Unknown,Public,"False;n;0;2;1;4"
ISOINTSTAT,ISOINTSTAT,8,1D4,32,0,R,None,8'h00,Unknown,Public,"False;n;0;2;1;4"
ISOINTACK,ISOINTACK,8,1D8,32,0,R/W,Clear,8'h00,Unknown,Public,"False;n;0;2;1;4"
ISOGPIOCNTL,ISOGPIOMSK,8,1E0,32,0,R/W,None,8'h00,Unknown,Public,"False;n;0;2;1;4"
ISOGPIOCNTL,ISOGPIOBEH,1,1E0,32,31,R/W,None,1'h0,Unknown,Public,"False;n;0;2;1;4"
ISOTIMERTGT[n],ISOTIMERTGT,32,1F0,32,0,R/W,None,32'h00000000,Unknown,Public,"True;n;0;7;1;4"
